model,macro_precision,macro_recall,macro_f1,weighted_precision,weighted_recall,weighted_f1,accuracy
efficientnet_b0,0.6575171349915613,0.5007826646410111,0.5250447683847961,0.7483562301813791,0.7564717162032598,0.7412895805951591,0.7564717162032598
mobilenetv3_small,0.5137041348553878,0.42130759839955895,0.44131209949186795,0.6961140625134624,0.7209971236816874,0.702223881659439,0.7209971236816874
resnet18,0.3537859329946812,0.3006771045076057,0.30126740576667543,0.6109408897897961,0.6749760306807286,0.6354622603522692,0.6749760306807286
